"GO.ID","Term","Annotated","Significant","Expected","classicFisher"
"GO:0019935","cyclic-nucleotide-mediated signaling",16,8,1.81,"0.00014"
"GO:0010893","positive regulation of steroid biosynthe...",5,4,0.57,"0.00073"
"GO:0031987","locomotion involved in locomotory behavi...",5,4,0.57,"0.00073"
"GO:0045940","positive regulation of steroid metabolic...",5,4,0.57,"0.00073"
"GO:0010817","regulation of hormone levels",132,27,14.92,"0.00135"
"GO:0006700","C21-steroid hormone biosynthetic process",3,3,0.34,"0.00143"
"GO:0048521","negative regulation of behavior",3,3,0.34,"0.00143"
"GO:0090325","regulation of locomotion involved in loc...",3,3,0.34,"0.00143"
"GO:0040013","negative regulation of locomotion",83,19,9.38,"0.00178"
"GO:0009719","response to endogenous stimulus",417,66,47.12,"0.00192"
