miRNA-mediated gene silencing by mRNA destabilization,"3,90E-19","2,27E-15",GO:0035279,GO,NA,NA,NA,NA,
2,detection of chemical stimulus involved in sensory perception,"9,96E-17","2,90E-13",GO:0050907,GO,NA,NA,NA,NA
3,sensory perception of smell,"2,07E-13","4,02E-10",GO:0007608,GO,NA,NA,NA,NA
4,keratinization,"8,01E-12","1,17E-08",GO:0031424,GO,NA,NA,NA,NA
5,detection of chemical stimulus involved in sensory perception of smell,"1,67E-11","1,94E-08",GO:0050911,GO,NA,NA,NA,NA
6,miRNA-mediated gene silencing by inhibition of translation,"3,89E-10","3,78E-07",GO:0035278,GO,NA,NA,NA,NA
7,negative regulation of cytokine production,"9,58E-06","7,97E-03",GO:0001818,GO,NA,NA,NA,NA
8,epidermis development,"7,23E-05","5,26E-02",GO:0008544,GO,NA,NA,NA,NA
9,humoral immune response,"4,55E-04","2,94E-01",GO:0006959,GO,NA,NA,NA,NA
10,epidermal cell differentiation,"5,87E-04","3,38E-01",GO:0009913,GO,NA,NA,NA,NA